Description,Unit,10.0,12.0,14.0,15.5,17.0,19.0,21.0,22.5,23.5,25.5,27.5,29.5,30.0,32.0,34.0,36.0,37.0,39.0,41.0,43.0,45.0,47.0,4.0,49.0,51.0,53.0,55.0,57.0,58.5,60.5,61.0,61.25,62.0,64.0,66.0,68.0,6.0,70.0,71.0,73.0,75.0,77.0,77.5,78.0,79.0,81.0,83.0,85.0,87.0,8.0,89.0,91.0,93.0
Sample Name,,,,,,,,,,,,,,,,,,,,,,,,,,,,,,,,,,,,,,,,,,,,,,,,,,,,,,
Scan Depth,cm,11-9cm,13-11cm,15-13cm,16.5-14.5cm,18-16cm,20-18cm,22-20cm,23.5-21.5cm,24.5-22.5cm,26.5-24.5cm,28.5-26.5cm,30.5-28.5cm,31-29cm,33-31cm,35-33cm,37-35cm,38-36cm,40-38cm,42-40cm,44-42cm,46-44cm,48-46cm,5-3cm,50-48cm,52-50cm,54-52cm,56-54cm,58-56cm,59.5-57.5cm,61.5-59.5cm,62-60cm,62.5-60.5,63-61cm,65-63cm,67-65cm,69-67cm,7-5cm,71-69cm,72-70cm,74-72cm,76-74cm,78-76cm,78.5-76.5cm,79-77cm,80-78cm,82-80cm,84-82cm,86-84cm,88-86cm,9-7cm,90-88cm,92-90cm,94-92cm
Average Depth,cm,10.0,12.0,14.0,15.5,17.0,19.0,21.0,22.5,23.5,25.5,27.5,29.5,30.0,32.0,34.0,36.0,37.0,39.0,41.0,43.0,45.0,47.0,4.0,49.0,51.0,53.0,55.0,57.0,58.5,60.5,61.0,61.25,62.0,64.0,66.0,68.0,6.0,70.0,71.0,73.0,75.0,77.0,77.5,78.0,79.0,81.0,83.0,85.0,87.0,8.0,89.0,91.0,93.0
Number of layers,,961,1011,961,981,1031,911,1021,871,961,1031,871,971,1021,1001,851,1021,821,931,1041,981,871,1021,941,971,1031,981,971,1051,900,971,941,771,1036,671,1051,931,991,872,1031,921,901,1051,901,871,841,1036,871,901,1021,841,951,1041,901
Lower vertical position,mm,2.05914,1.02957,0.82366,1.85322,0.82366,3.29462,1.02957,1.02957,2.26505,1.02957,1.23548,2.05914,1.23548,1.44140,1.23548,0.82366,1.02957,3.08871,0.82366,0.82366,4.11828,1.23548,2.05914,2.26505,0.82366,0.82366,2.05914,0.82366,0.84425,2.26505,3.29462,1.02957,0.82366,1.02957,0.82366,0.61774,1.44140,4.30360,1.23548,0.82366,3.70645,0.82366,3.50054,1.23548,0.82366,0.82366,1.23548,3.70645,1.23548,1.23548,2.47097,0.82366,0.82366
Upper vertical position,mm,21.82687,21.82687,20.59138,22.03278,22.03278,22.03278,22.03278,18.94407,22.03278,22.23870,19.14999,22.03278,22.23870,22.03278,18.73816,21.82687,17.91450,22.23870,22.23870,21.00321,22.03278,22.23870,21.41504,22.23870,22.03278,21.00321,22.03278,22.44461,19.35590,22.23870,22.65052,16.88494,22.13574,14.82580,22.44461,19.76773,21.82687,22.23870,22.44461,19.76773,22.23870,22.44461,22.03278,19.14999,18.12042,22.13574,19.14999,22.23870,22.23870,18.53225,22.03278,22.23870,19.35590
Pixel size,um,20.59138,20.59138,20.59138,20.59138,20.59138,20.59138,20.59138,20.59138,20.59138,20.59138,20.59138,20.59138,20.59138,20.59138,20.59138,20.59138,20.59138,20.59138,20.59138,20.59138,20.59138,20.59138,20.59138,20.59138,20.59138,20.59138,20.59138,20.59138,20.59138,20.59138,20.59138,20.59138,20.59138,20.59138,20.59138,20.59138,20.59138,20.59138,20.59138,20.59138,20.59138,20.59138,20.59138,20.59138,20.59138,20.59138,20.59138,20.59138,20.59138,20.59138,20.59138,20.59138,20.59138
Lower grey threshold,,70,70,70,70,70,80,75,80,80,85,90,80,80,85,80,80,80,80,80,80,80,80,72,85,85,80,80,80,80,80,80,80,80,85,85,80,70,80,85,85,80,85,85,85,85,80,85,85,85,70,85,85,85
Upper grey threshold,,200,200,200,200,200,200,200,200,200,200,200,200,200,200,200,200,200,200,200,200,200,200,200,200,200,200,200,200,200,200,200,200,200,200,200,200,200,200,200,200,200,200,200,200,200,200,200,200,200,200,200,200,200
Total VOI volume,mm^3,2702.10282,3161.78302,2979.51267,3272.98083,3278.42978,2827.88721,2004.86721,2501.10467,3171.28234,2024.50355,2548.86894,2908.26808,2004.86721,2868.74137,2908.92983,2987.76302,2883.60326,2480.34707,2044.13990,2837.11007,2307.98675,3096.37355,1820.61529,3074.20962,3351.90003,2986.21744,3061.58640,3336.98010,2468.46946,3081.51735,2947.15452,2302.70542,2826.91161,1866.81881,2063.77624,2476.74619,2731.29761,2477.74079,2024.50355,2641.11131,1769.23111,3052.01574,2880.26970,2338.15405,2641.55971,2803.92788,1710.32208,2407.58017,3085.39126,2593.29655,2749.95790,2901.35917,2540.72838
Object volume,mm^3,734.73079,757.99638,741.96792,668.10083,678.02799,617.54919,613.48843,536.26409,701.31402,742.20471,549.19202,668.41850,697.53100,633.35158,616.14113,748.51242,574.93383,729.38248,786.93329,687.36191,630.51458,651.38439,561.75222,780.04763,728.04659,629.26826,558.23244,563.73311,486.02712,502.00484,509.86981,400.00890,596.10404,387.54143,558.10067,565.69498,664.26267,569.93904,714.99771,683.66761,647.22638,716.94973,531.49252,589.91283,487.55194,664.16043,491.61242,481.12887,783.62920,603.84706,886.62866,930.35784,792.56487
Percent object volume,%,27.19107,23.97370,24.90232,20.41261,20.68149,21.83783,30.59995,21.44109,22.11452,36.66107,21.54650,22.98339,34.79188,22.07768,21.18102,25.05260,19.93804,29.40647,38.49704,24.22754,27.31881,21.03701,30.85508,25.37392,21.72041,21.07242,18.23344,16.89351,19.68941,16.29083,17.30041,17.37126,21.08676,20.75946,27.04269,22.84025,24.32041,23.00237,35.31719,25.88560,36.58235,23.49102,18.45287,25.22985,18.45697,23.68679,28.74385,19.98392,25.39805,23.28492,32.24154,32.06628,31.19440
Total VOI surface,mm^2,1197.01463,1328.89412,1273.10442,1352.84325,1363.02011,1222.09310,958.71596,1125.09801,1321.80642,966.24186,1138.54368,1255.71549,958.71596,1250.08237,1234.47794,1286.62794,1227.08302,1130.14999,973.76776,1238.18750,1070.34738,1314.26653,890.25947,1298.64792,1383.92240,1277.89255,1294.91647,1383.90550,1121.71416,1300.20183,1263.10166,1054.08827,1247.04591,911.74856,981.29366,1128.98533,1211.22971,1118.71413,966.24186,1174.11056,868.40519,1309.46939,1237.00923,1078.87828,1161.30072,1240.50091,845.82749,1104.35217,1311.49113,1147.17459,1208.04935,1267.16633,1141.61240
Object surface,mm^2,6457.58939,6711.42140,6603.41206,5787.16570,5880.42849,5466.58081,5360.35474,4831.35303,6970.27252,7470.01768,5885.39828,6514.95714,6880.20648,6143.93848,5861.81025,7171.40519,5424.26729,7024.46153,7091.98420,6140.53895,5830.25021,5891.52092,8756.39548,7291.85483,7880.12667,7044.57847,6333.90039,6341.65857,5417.90628,5605.08991,6114.45340,4403.09716,7626.06290,5661.97001,7304.09442,8044.44617,8231.69706,8383.38661,11621.32461,11709.41622,10716.04283,12389.89531,8943.15503,9967.47912,8002.54352,10606.81265,7809.21905,8048.65236,13618.04571,5309.97226,15639.13619,16696.44086,13979.77619
Intersection surface,mm^2,64.32520,71.61138,67.95052,57.59262,50.75740,58.13180,264.44373,48.40585,64.45133,322.02080,43.93032,65.06958,328.52278,57.83715,62.17552,66.53866,62.40954,74.18471,341.50835,57.67402,55.48021,58.47518,219.51688,60.00653,61.08742,54.66873,45.70030,48.70080,41.52220,44.16353,51.87252,36.44833,51.36487,50.49280,241.52558,52.23013,62.43003,62.40766,296.29818,65.20783,278.17034,60.62570,49.01208,64.63689,58.92669,59.07000,218.15901,46.79773,58.07915,50.48544,78.11985,76.24592,70.42097
Object surface / volume ratio,1/mm,8.78906,8.85416,8.89986,8.66211,8.67284,8.85206,8.73750,9.00928,9.93888,10.06463,10.71647,9.74682,9.86366,9.70068,9.51375,9.58088,9.43459,9.63070,9.01218,8.93349,9.24681,9.04461,15.58765,9.34796,10.82366,11.19487,11.34635,11.24940,11.14733,11.16541,11.99219,11.00750,12.79317,14.60997,13.08741,14.22047,12.39223,14.70927,16.25365,17.12735,16.55687,17.28140,16.82649,16.89653,16.41373,15.97026,15.88491,16.72868,17.37818,8.79357,17.63888,17.94626,17.63865
Object surface density,1/mm,2.38984,2.12267,2.21627,1.76816,1.79367,1.93310,2.67367,1.93169,2.19794,3.68980,2.30902,2.24015,3.43175,2.14168,2.01511,2.40026,1.88107,2.83205,3.46942,2.16436,2.52612,1.90272,4.80958,2.37194,2.35094,2.35903,2.06883,1.90042,2.19484,1.81894,2.07470,1.91214,2.69767,3.03295,3.53919,3.24799,3.01384,3.38348,5.74033,4.43352,6.05689,4.05958,3.10497,4.26297,3.02948,3.78284,4.56593,3.34305,4.41372,2.04758,5.68705,5.75470,5.50227
Surface convexity index,1/mm,1.81388,1.82916,1.66411,1.67021,1.75072,1.80178,1.78685,1.99491,2.32779,2.38927,2.20621,2.30383,2.31465,2.15783,1.89740,1.90531,1.92019,2.24666,1.44710,1.57599,1.40101,1.48840,3.11044,1.71462,2.66242,3.12055,3.21203,3.03600,2.95890,2.88654,3.43271,2.91682,3.77107,4.61407,3.87943,4.53146,2.74853,4.68691,5.16542,5.47591,5.49952,5.46093,5.93467,5.43469,5.63314,5.04021,5.02362,5.79346,4.05340,1.76757,3.33613,3.71846,3.79723
Centroid (x),mm,6.13073,6.22307,7.49703,7.12286,6.38079,6.17941,5.52112,5.93578,6.30352,5.50412,5.89453,5.69120,5.50281,6.41623,6.40400,6.73589,5.82842,5.56422,5.50902,5.54469,5.73625,5.77765,5.55130,6.05454,6.43169,6.01501,6.11203,6.06653,5.46701,6.00314,7.31560,6.02177,6.28447,5.50770,5.52847,5.55563,5.58887,6.01692,5.58441,5.64772,5.46772,6.46681,7.03423,5.39437,6.66990,5.73963,5.50995,5.57842,5.76772,5.95743,6.01354,6.01966,5.64372
Centroid (y),mm,5.86247,6.26127,5.38057,6.47120,6.39076,6.10563,5.52088,6.08333,7.01042,5.49867,5.84154,6.33633,5.58907,5.68670,7.06238,5.73333,5.53964,5.70018,5.38653,6.39022,5.35534,6.09289,5.55099,6.43764,5.79519,5.86946,6.22243,5.81638,6.03722,6.40560,5.57229,5.89025,5.47675,5.59038,5.61765,5.78687,5.95164,5.81589,5.51104,5.52287,5.50185,5.61967,5.76498,5.99286,5.73761,5.98345,5.44039,5.81146,6.00137,5.86437,5.94967,5.73880,5.62954
Centroid (z),mm,11.82017,11.36366,10.70776,12.03988,11.17164,12.17105,11.49638,10.08179,12.11235,11.55653,9.73722,11.90374,11.71642,11.49758,10.48483,10.94254,9.44319,12.35234,11.52251,10.56487,13.12106,11.31658,12.27714,11.97862,11.09092,10.80044,12.07112,11.56855,10.06227,12.29620,13.14989,8.71359,11.41976,8.11069,11.86711,10.18793,11.91042,12.93005,12.52098,10.13952,13.04836,11.44975,12.50374,10.01278,9.96696,11.37662,10.09094,13.11751,12.89084,9.45490,12.20641,11.33549,9.91487
Moment of inertia (x),mm^5,29726.44529,33561.03082,29739.12780,26891.52062,29665.86417,23454.87714,27239.38167,18092.55400,28678.54974,33392.42751,18208.87626,28323.50012,31746.64363,27516.18506,21117.04615,31471.42116,19148.47303,28353.47940,35989.80540,28577.98987,20987.27986,27888.97382,19967.72813,31828.69563,33089.84704,25958.42222,21960.38950,25884.00610,17278.45116,20723.37373,20485.54832,11364.69784,27532.02054,9143.48659,26289.41065,21241.59633,28492.32148,20221.61964,30353.95638,26110.21460,24242.37170,33694.90414,18967.47430,20680.69040,16973.17489,30741.71502,17788.35056,17414.04711,32587.53010,18396.91642,35063.36757,43323.40048,28771.36554
Moment of inertia (y),mm^5,29445.70794,33793.86719,29912.30737,27321.58166,29512.83206,23613.23390,27430.10896,18339.94371,28266.29088,33434.98947,18264.30084,27952.10678,31606.22929,27464.23583,20798.47869,31664.47284,19753.60999,28423.75970,36109.78963,28222.11797,21164.35298,28224.39253,20011.06118,31590.51763,33496.15765,26630.73495,21883.91460,26253.69642,17281.20229,20507.07585,20634.59646,11408.79034,27556.87170,9090.78349,26257.89080,21242.34603,28245.32715,20169.30200,30337.45158,26091.90315,24284.60742,33875.06887,19266.29161,20713.40128,17010.70879,30805.46555,17748.84840,17489.04520,32619.92572,18238.97321,35049.04327,43326.25642,28798.57541
Moment of inertia (z),mm^5,11194.35140,11844.74823,11298.97965,10408.61402,10661.67636,9583.48560,9392.26836,8279.98005,11216.46621,11255.88015,8494.41014,10488.34641,10628.05451,9790.94888,10198.81288,11389.35249,9370.47124,11099.54801,11818.46246,10224.94272,9579.78469,9987.31431,8381.16694,12221.69997,11623.65774,9611.24909,8817.76756,8683.64823,7408.49749,7772.01708,7973.96180,6068.35423,9118.83378,5842.04194,8580.36612,8637.51440,10243.30320,8743.91888,10910.65052,10459.34105,9885.41729,11094.53604,8425.52058,8985.20977,7579.83824,10331.12642,7520.47700,7470.32790,12310.59161,9301.72996,13572.83033,14215.84194,12150.98306
Polar moment of inertia,mm^5,35183.25232,39599.82312,35475.20741,32310.85815,34920.18630,28325.79832,32030.87950,22356.23888,34080.65341,39041.64857,22483.79362,33381.97666,36990.46371,32385.68489,26057.16886,37262.62324,24136.27713,33938.39355,41959.02875,33512.52529,25865.70876,33050.34033,24179.97813,37820.45661,39104.83121,31100.20313,26331.03583,30410.67537,20984.07547,24501.23333,24547.05329,14420.92120,32103.86301,12038.15601,30563.83378,25560.72838,33490.47591,24567.42026,35801.02924,31330.72940,29206.19821,39332.25452,23329.64325,25189.65073,20781.86096,35939.15350,21528.83798,21186.71011,38759.02372,22968.80979,41842.62058,50432.74942,34860.46201
Radius of gyration (x),mm,6.35905,6.65223,6.32944,6.34283,6.61295,6.16121,6.66167,5.80673,6.39229,6.70485,5.75586,6.50711,6.74378,6.58902,5.85257,6.48227,5.76936,6.23260,6.76126,6.44647,5.76817,6.54186,5.95714,6.38606,6.73843,6.41901,6.26829,6.77225,5.95917,6.42161,6.33428,5.32737,6.79063,4.85188,6.85755,6.12120,6.54555,5.94969,6.50643,6.17018,6.11076,6.84458,5.96390,5.91178,5.89113,6.79425,6.00728,6.00645,6.44097,5.51819,6.28231,6.81622,6.01823
Radius of gyration (y),mm,6.32896,6.67527,6.34784,6.39334,6.59588,6.18198,6.68496,5.84629,6.34617,6.70912,5.76461,6.46431,6.72885,6.58280,5.80825,6.50213,5.85981,6.24032,6.77252,6.40621,5.79245,6.58108,5.96360,6.36212,6.77968,6.50161,6.25736,6.82044,5.95964,6.38801,6.35728,5.33769,6.79370,4.83788,6.85344,6.12131,6.51712,5.94199,6.50466,6.16802,6.11608,6.86285,6.01069,5.91645,5.89764,6.80129,6.00061,6.01937,6.44417,5.49445,6.28103,6.81645,6.02108
Radius of gyration (z),mm,3.90230,3.95196,3.90140,3.94613,3.96442,3.93832,3.91174,3.92822,3.99766,3.89273,3.93129,3.95975,3.90195,3.93042,4.06728,3.89959,4.03591,3.89959,3.87452,3.85600,3.89707,3.91480,3.85945,3.95721,3.99377,3.90588,3.97199,3.92255,3.90210,3.93261,3.95194,3.89286,3.90806,3.87826,3.91770,3.90335,3.92466,3.91237,3.90086,3.90522,3.90216,3.92753,3.97488,3.89672,3.93683,3.93868,3.90601,3.93403,3.95882,3.92379,3.90866,3.90453,3.91106
Polar radius of gyration,mm,6.91813,7.22597,6.91295,6.95263,7.17473,6.77081,7.22386,6.45477,6.96838,7.24985,6.39593,7.06432,7.27946,7.14831,6.50120,7.05352,6.47732,6.81885,7.30046,6.98087,6.40357,7.12153,6.55543,6.96125,7.32532,7.02604,6.86377,7.34058,6.56717,6.98245,6.93382,6.00109,7.33280,5.56717,7.39405,6.71475,7.09648,6.55792,7.06615,6.75893,6.70726,7.39502,6.61423,6.52449,6.51868,7.34617,6.60877,6.62521,7.02445,6.16585,6.86281,7.35426,6.62453
Product of inertia (xy),mm^5,125.85900,74.82143,0.53453,23.01492,-55.16629,165.60788,103.60952,-4.79929,-74.86735,-6.64005,-159.19798,-101.23391,-24.97440,-74.42101,282.67684,-89.80325,162.05074,38.47056,-15.40426,64.65757,0.61203,143.85042,-185.79122,67.35510,143.76863,47.12328,200.37761,48.00193,-58.47182,-2.85506,15.63849,53.08882,55.87990,4.56271,33.89371,-0.95601,-7.67795,14.63279,12.40012,-11.06601,13.98225,-91.49976,18.51499,-51.35852,-33.73765,176.46380,15.46840,-69.33657,-118.31325,-183.02466,0.60493,-13.62986,8.88432
Product of inertia (xz),mm^5,-634.69556,-1030.44002,-1162.25059,-796.61240,485.72833,-1291.05316,284.79859,-812.87281,-1417.47517,33.95912,902.52691,-701.00516,15.70579,-861.11967,-2028.86896,-998.05322,1919.85103,78.60210,-152.58775,439.28561,434.01158,1302.47522,-308.44533,-694.87780,3640.72139,1646.20040,720.42106,671.22002,33.82719,1218.47857,-2121.45382,919.33761,-329.32335,83.50994,-58.28749,91.86707,384.31217,-486.42960,-362.50592,-45.18497,-122.20974,-1308.98240,1921.08686,-44.95547,-394.78445,-6.56360,128.92878,-4.24839,1393.49893,-558.21100,241.42310,-123.55333,796.13152
Product of inertia (yz),mm^5,-470.21148,-759.62503,298.99265,-874.13132,-2073.83011,-958.49075,7.24523,-760.46433,2495.21862,-0.07922,-1011.47249,2350.52042,-249.77476,869.14015,-2893.00326,-296.49742,835.47041,439.54314,349.54534,-155.74301,64.12661,-843.88182,-545.01310,2958.22189,673.73240,-19.19718,1413.36768,-555.59804,-1194.34413,910.37311,-63.96233,546.75394,-75.22824,218.35010,-166.55008,-137.77608,-1047.58585,601.43510,-85.23660,149.15497,-45.07088,456.44859,-242.95661,18.59296,78.70737,-160.67794,12.74175,607.39214,807.40324,1227.15528,956.27080,1138.47655,556.15050
Total orientation (theta),°,2.46567,3.36053,3.70583,4.03298,6.37221,6.57319,0.91460,6.31794,9.28478,0.08790,7.89552,7.85590,0.68349,3.95219,17.04926,2.95069,11.61717,1.47678,0.90044,1.45373,2.19854,4.85795,3.03507,8.69282,9.53207,5.69372,6.89911,2.86052,6.80579,6.64665,9.37090,11.06364,1.05200,4.09035,0.57242,0.75261,3.52881,3.84400,1.09719,0.57130,0.51991,3.50273,10.07804,0.23897,2.45245,0.45035,0.72303,3.45739,4.48901,8.49404,2.62382,2.24953,3.33263
Total orientation (phi),°,217.06199,216.16525,165.70290,226.91838,283.22805,216.47902,1.77039,222.38765,119.15574,359.84944,312.00127,106.55279,273.64136,134.65329,235.20982,196.18368,22.93073,79.70112,113.71172,340.28187,8.28124,327.72971,240.87766,102.89477,10.64075,359.51511,62.62232,321.01084,271.95674,37.21882,181.77591,30.80235,193.00689,69.31543,250.65757,303.69801,289.91403,128.82253,193.27525,106.86874,200.23170,160.73694,353.07480,157.40984,168.57976,267.16019,5.75066,90.80172,29.88283,114.82987,75.83864,96.22056,34.90351
Structure model index,,1.23827,1.23953,1.12189,1.15691,1.21117,1.22126,1.22702,1.32857,1.40527,1.42436,1.23522,1.41821,1.40799,1.33465,1.19663,1.19320,1.22116,1.39969,0.96343,1.05848,0.90908,0.98737,1.19727,1.10053,1.47589,1.67249,1.69854,1.61929,1.59261,1.55115,1.71747,1.58991,1.76863,1.89490,1.77854,1.91194,1.33077,1.91182,1.90680,1.91830,1.99296,1.89600,2.11619,1.92987,2.05918,1.89360,1.89751,2.07791,1.39948,1.20604,1.13481,1.24320,1.29167
Structure thickness,mm,0.44646,0.44363,0.42964,0.44464,0.44755,0.44134,0.44211,0.43243,0.39401,0.39011,0.37395,0.40381,0.39856,0.40163,0.40480,0.39991,0.41223,0.41487,0.42257,0.42875,0.42742,0.43115,0.24287,0.41809,0.36434,0.35361,0.35004,0.34747,0.34955,0.34690,0.33062,0.35405,0.31233,0.27689,0.30586,0.28414,0.31716,0.27627,0.25684,0.24484,0.25593,0.24539,0.24963,0.24838,0.25308,0.25612,0.25368,0.24452,0.22537,0.43975,0.21741,0.21469,0.21882
Structure linear density,1/mm,0.60904,0.54040,0.57961,0.45908,0.46210,0.49481,0.69213,0.49583,0.56127,0.93977,0.57618,0.56916,0.87294,0.54971,0.52325,0.62645,0.48366,0.70881,0.91102,0.56507,0.63916,0.48793,1.27043,0.60690,0.59616,0.59593,0.52089,0.48619,0.56328,0.46961,0.52328,0.49065,0.67514,0.74974,0.88414,0.80384,0.76682,0.83262,1.37507,1.05724,1.42937,0.95730,0.73921,1.01579,0.72929,0.92484,1.13306,0.81727,1.12694,0.52950,1.48299,1.49362,1.42555
Structure separation,mm,1.16256,1.45876,1.53092,1.77001,1.58811,1.53484,0.92082,1.32486,1.63516,0.56747,1.28480,1.32168,0.65474,1.30669,1.82855,1.32532,2.13445,0.99775,0.63920,1.32243,1.07013,1.58266,0.70879,1.44710,1.55501,1.38557,1.44813,1.60346,1.20362,1.53160,1.55642,1.40212,1.06329,0.99568,0.70355,0.87742,1.04832,1.01951,0.41282,1.03697,0.31131,1.04776,1.36348,0.83885,1.26442,0.88299,0.46431,0.86090,1.16975,1.54557,0.96580,0.87353,0.93269
Fractal dimension,,2.67889,2.65948,2.68987,2.61409,2.60850,2.61959,2.61252,2.60918,2.68413,2.72489,2.66336,2.67599,2.69954,2.64413,2.66548,2.67395,2.66345,2.71803,2.70660,2.65085,2.67931,2.61481,2.71881,2.70145,2.70654,2.68839,2.64198,2.62757,2.63936,2.60472,2.64537,2.61167,2.68968,2.73281,2.68749,2.74605,2.71578,2.74912,2.79345,2.81698,2.81405,2.77712,2.75577,2.78662,2.73591,2.76851,2.75669,2.74923,2.78241,2.65732,2.82204,2.82566,2.83178
Number of objects,,499,733,702,469,509,407,274,262,791,343,1867,393,323,349,450,567,571,1143,317,413,1552,406,1137,632,634,503,785,855,422,633,591,395,593,495,470,775,917,829,738,836,986,1384,956,772,1091,915,610,745,1299,499,1292,1284,1322
Number of closed pores,,547,563,607,587,652,528,415,354,452,532,1716,464,488,615,594,886,757,755,1180,1059,1540,1235,311,981,863,608,600,639,525,587,603,443,718,426,775,604,331,474,442,253,335,632,549,517,621,1139,1146,1010,1394,343,1661,1823,1525
Volume of closed pores,mm^3,0.32524,0.43982,0.57920,0.34824,0.46855,0.72597,0.34193,0.32238,0.35344,0.44687,0.38774,0.60684,0.59042,0.57128,0.46708,0.80246,0.48122,0.57620,0.89166,0.80882,0.64461,1.00904,0.05709,0.79243,0.73511,0.49382,0.49524,0.49700,0.42824,0.40346,0.33400,0.39653,0.36797,0.13688,0.40635,0.25526,0.12376,0.14864,0.11286,0.04501,0.06494,0.17078,0.15936,0.13122,0.18422,0.31543,0.48017,0.33275,0.33098,0.22939,0.32946,0.30764,0.31435
Surface of closed pores,mm^2,17.71158,21.32824,24.35043,19.11413,22.62335,26.46466,17.53835,15.13767,17.82395,22.07409,28.34662,23.41328,23.08297,25.98637,22.85773,35.32859,23.83705,27.52995,42.05174,38.00016,37.72982,42.70209,4.86063,37.80300,33.61247,24.47959,24.41629,24.22930,20.71222,20.97966,18.52967,18.29556,21.08155,9.26618,23.24033,15.37468,7.43509,10.35238,8.21901,3.86126,5.17352,11.85286,11.24725,9.59650,13.07868,23.08612,29.17969,22.66777,24.85740,12.27978,26.67513,26.53270,25.00909
Closed porosity (percent),%,0.04425,0.05799,0.07800,0.05210,0.06906,0.11742,0.05570,0.06008,0.05037,0.06017,0.07055,0.09071,0.08457,0.09012,0.07575,0.10709,0.08363,0.07894,0.11318,0.11753,0.10213,0.15467,0.01016,0.10148,0.10087,0.07841,0.08864,0.08809,0.08803,0.08030,0.06546,0.09903,0.06169,0.03531,0.07276,0.04510,0.01863,0.02607,0.01578,0.00658,0.01003,0.02381,0.02998,0.02224,0.03777,0.04747,0.09758,0.06911,0.04222,0.03797,0.03715,0.03306,0.03965
Volume of open pore space,mm^3,1967.04678,2403.34682,2236.96556,2604.53176,2599.93324,2209.61205,1391.03685,1964.51819,2469.61487,1281.85197,1999.28918,2239.24274,1306.74579,2234.81851,2292.32162,2238.44815,2308.18821,1750.38839,1256.31495,2148.93934,1676.82756,2443.98012,1258.80598,2293.36956,2623.11833,2356.45536,2502.85873,2772.74998,1982.01409,2579.10906,2436.95071,1902.29999,2230.43960,1479.14051,1505.26921,1910.79595,2066.91119,1907.65310,1309.39298,1957.39869,1121.93978,2334.89524,2348.61782,1748.11001,2153.82355,2139.45202,1218.22949,1926.11855,2301.43108,1989.22010,1862.99978,1970.69369,1747.84916
Open porosity (percent),%,72.79689,76.01239,75.07824,79.57675,79.30422,78.13650,69.38299,78.54602,77.87433,63.31685,78.43829,76.99575,65.17867,77.90240,78.80292,74.92054,80.04528,70.57030,61.45934,75.74395,72.65326,78.93040,69.14179,74.60030,78.25765,78.91104,81.75039,83.09159,80.29324,83.69607,82.68826,82.61152,78.90022,79.23321,72.93762,77.14945,75.67506,76.99163,64.67724,74.11269,63.41398,76.50338,81.54159,74.76454,81.53605,76.30196,71.22807,80.00226,74.59122,76.70623,67.74648,67.92312,68.79323
Total volume of pore space,mm^3,1967.37202,2403.78664,2237.54476,2604.88000,2600.40180,2210.33802,1391.37878,1964.84057,2469.96832,1282.29884,1999.67692,2239.84959,1307.33621,2235.38980,2292.78870,2239.25060,2308.66942,1750.96459,1257.20661,2149.74816,1677.47217,2444.98916,1258.86307,2294.16199,2623.85344,2356.94918,2503.35396,2773.24699,1982.44234,2579.51252,2437.28471,1902.69652,2230.80757,1479.27738,1505.67557,1911.05121,2067.03494,1907.80175,1309.50584,1957.44371,1122.00473,2335.06601,2348.77718,1748.24123,2154.00777,2139.76745,1218.70966,1926.45130,2301.76207,1989.44949,1863.32924,1971.00133,1748.16351
Total porosity (percent),%,72.80893,76.02630,75.09768,79.58739,79.31851,78.16217,69.40005,78.55891,77.88548,63.33893,78.45350,77.01661,65.20812,77.92232,78.81898,74.94740,80.06196,70.59353,61.50296,75.77246,72.68119,78.96299,69.14492,74.62608,78.27959,78.92758,81.76656,83.10649,80.31059,83.70917,82.69959,82.62874,78.91324,79.24054,72.95731,77.15975,75.67959,76.99763,64.68281,74.11440,63.41765,76.50898,81.54713,74.77015,81.54303,76.31321,71.25615,80.01608,74.60195,76.71508,67.75846,67.93372,68.80560
Euler number,,-2895,-2731,-2932,-2070,-1913,-1791,-1425,-1526,-3211,-3497,-2632,-2823,-2927,-2355,-2859,-3420,-2292,-3427,-2896,-2265,-2261,-2120,-17630,-3756,-5026,-4232,-2961,-2505,-2178,-1768,-2806,-1399,-4628,-4983,-4147,-6201,-9323,-8605,-20695,-24195,-17674,-26543,-10105,-17877,-8122,-12915,-6682,-5282,-40549,-2454,-61167,-59511,-45486
Connectivity,,3941,4027,4241,3126,3074,2726,2114,2142,4454,4372,6215,3680,3738,3319,3903,4873,3620,5325,4393,3737,5353,3761,19078,5369,6523,5343,4346,3999,3125,2988,4000,2237,5939,5904,5392,7580,10571,9908,21875,25284,18995,28559,11610,19166,9834,14969,8438,7037,43242,3296,64120,62618,48333
Connectivity density,1/mm^3,0.00001,0.00001,0.00001,0.00001,0.00001,0.00001,0.00001,0.00001,0.00001,0.00002,0.00002,0.00001,0.00002,0.00001,0.00001,0.00001,0.00001,0.00002,0.00002,0.00001,0.00002,0.00001,0.00009,0.00002,0.00002,0.00002,0.00001,0.00001,0.00001,0.00001,0.00001,0.00001,0.00002,0.00003,0.00002,0.00003,0.00003,0.00003,0.00009,0.00008,0.00009,0.00008,0.00004,0.00007,0.00003,0.00005,0.00004,0.00003,0.00012,0.00001,0.00020,0.00019,0.00017
Degree of anisotropy,,1.18534 (0.15636),1.18156 (0.15366),1.18992 (0.15961),1.08382 (0.07734),1.15162 (0.13165),1.07728 (0.07173),1.25216 (0.20138),1.27777 (0.21739),1.20927 (0.17305),1.27955 (0.21847),1.21726 (0.17848),1.21612 (0.17771),1.24340 (0.19576),1.14771 (0.12870),1.13384 (0.11804),1.15728 (0.13590),1.07384 (0.06876),1.11579 (0.10378),1.17667 (0.15015),1.10405 (0.09424),1.17391 (0.14815),1.12339 (0.10984),1.27986 (0.21866),1.08676 (0.07984),1.07340 (0.06838),1.06616 (0.06205),1.05637 (0.05337),1.11389 (0.10224),1.13634 (0.11998),1.12310 (0.10961),1.10018 (0.09106),1.08327 (0.07687),1.20909 (0.17293),1.35495 (0.26197),1.19031 (0.15988),1.21602 (0.17765),1.09412 (0.08602),1.28593 (0.22235),1.12621 (0.11206),1.14391 (0.12580),1.05979 (0.05642),1.05705 (0.05397),1.15738 (0.13598),1.11836 (0.10583),1.18615 (0.15694),1.14852 (0.12932),1.17568 (0.14943),1.24996 (0.19997),1.14834 (0.12918),1.23450 (0.18995),1.25780 (0.20496),1.28149 (0.21966),1.26669 (0.21054)
Eigenvalue 1,,0.05210,0.05407,0.07741,0.08364,0.04986,0.10054,0.02060,0.08849,0.09237,0.02583,0.14042,0.06276,0.02612,0.05818,0.16767,0.05688,0.31110,0.06480,0.02128,0.05110,0.08647,0.04936,0.08827,0.07448,0.09886,0.11056,0.11541,0.08853,0.10356,0.10905,0.18634,0.30895,0.07887,0.74849,0.04377,0.14318,0.08513,0.24091,0.07318,0.23416,0.13304,0.16084,0.45309,0.28848,0.55082,0.10705,0.13622,0.21736,0.17989,0.10781,0.23428,0.14044,0.30189
Eigenvalue 2,,0.05886,0.05984,0.09029,0.08767,0.05542,0.10167,0.02451,0.10530,0.10591,0.03149,0.16125,0.07415,0.03167,0.06413,0.18269,0.06343,0.32349,0.06855,0.02395,0.05347,0.09279,0.05279,0.09316,0.07777,0.10135,0.11297,0.11701,0.09163,0.10696,0.11327,0.19172,0.32302,0.08223,0.78827,0.04583,0.14818,0.09037,0.25673,0.07768,0.24551,0.13687,0.16600,0.47208,0.29990,0.58041,0.11208,0.14058,0.22174,0.18558,0.12609,0.25422,0.15356,0.32987
Eigenvalue 3,,0.06175,0.06389,0.09211,0.09065,0.05741,0.10831,0.02579,0.11307,0.11171,0.03305,0.17093,0.07633,0.03248,0.06677,0.19011,0.06583,0.33408,0.07230,0.02504,0.05642,0.10151,0.05545,0.11297,0.08094,0.10611,0.11788,0.12191,0.09861,0.11768,0.12247,0.20500,0.33467,0.09537,1.01416,0.05210,0.17410,0.09314,0.30979,0.08241,0.26786,0.14100,0.17001,0.52440,0.32262,0.65336,0.12295,0.16015,0.27169,0.20658,0.13309,0.29468,0.17997,0.38240
SSA,unit!,9.584584187779999,9.65557658408,9.70541302818,9.44614356243,9.45784476692,9.653286506779999,9.5283573375,9.824736960640001,10.838477845439998,10.97560985519,11.68644984911,10.62903391866,10.75644945758,10.57871764884,10.37486805375,10.448074191440002,10.28854304467,10.502403549099999,9.82789944834,9.74208698037,10.08376651353,9.863264784930001,16.99853496445,10.194071903480001,11.803341937579999,12.208151268309999,12.373342177549999,12.2676169422,12.15630828029,12.17602475533,13.077639093470001,12.0038218475,13.95111819621,15.93236221461,14.271990741329999,15.50760740111,13.513887913989999,16.04065015551,17.72481662245,18.67759783055,18.05548197431,18.8455913582,18.34950608937,18.42588561989,17.89938594349,17.41577614338,17.32270085883,18.24284301284,18.95113120634,9.589502401410002,19.23542794544,19.570629831379996,19.235177127449997
